{
  "dim": 2,
  "rho": 0.05,
  "gamma": 8.0,
  "kappa": 0.2,
  "theta": 1.0,
  "sigma": 0.3,
  "probab01_params": {
    "J": 5,
    "a": 0.1,
    "delta": 0.05,
    "sigma": 0.023,
    "psi": 5,
    "rho": 0.03
  },
  "table1_targets": {
    "NOTE": "Replace with actual Table 1 targets from Probab_01.pdf once available.",
    "examples": {
      "mean_state": [1.0, 1.0],
      "std_state": [0.2, 0.2],
      "cov": [[0.04, 0.01], [0.01, 0.04]],
      "corr": [[1.0, 0.25], [0.25, 1.0]]
    }
  },
  "Sigma": [[0.3, 0.0], [0.0, 0.3]],
  "table1_values": {
    "note": "Transcribed from Probab_01.pdf Table 1: Symmetric State. Rows: q_i then sigma_{q,i,j} by j. Columns correspond to i=1..5.",
    "symmetric_states": [
      {
        "eta": 0.3,
        "zeta": 0.2,
        "q": [1.3035, 1.3036, 1.3039, 1.3038, 1.3070],
        "sigma_q": [
          [ 0.00093, -0.00025, -0.00027, -0.00027, -0.00013 ],
          [ -0.00017, 0.00101, -0.00017, -0.00018, -0.00048 ],
          [ -0.00020, -0.00019, 0.00097, -0.00018, -0.00039 ],
          [ -0.00026, -0.00026, -0.00027, 0.00086, -0.00007 ],
          [ -0.00014, -0.00015, -0.00015, -0.00013, 0.00053 ]
        ]
      },
      {
        "eta": 0.4,
        "zeta": 0.2,
        "q": [1.3045, 1.3048, 1.3046, 1.3045, 1.3034],
        "sigma_q": [
          [ 0.00079, -0.00021, -0.00023, -0.00023, -0.00013 ],
          [ -0.00014, 0.00086, -0.00014, -0.00015, -0.00045 ],
          [ -0.00017, -0.00016, 0.00083, -0.00015, -0.00035 ],
          [ -0.00022, -0.00022, -0.00023, 0.00073, -0.00006 ],
          [ -0.00013, -0.00014, -0.00013, -0.00012, 0.00053 ]
        ]
      },
      {
        "eta": 0.5,
        "zeta": 0.2,
        "q": [1.3056, 1.3059, 1.3053, 1.3052, 1.2998],
        "sigma_q": [
          [ 0.00066, -0.00018, -0.00019, -0.00018, -0.00014 ],
          [ -0.00011, 0.00072, -0.00011, -0.00012, -0.00042 ],
          [ -0.00014, -0.00013, 0.00069, -0.00012, -0.00031 ],
          [ -0.00018, -0.00019, -0.00019, 0.00060, -0.00005 ],
          [ -0.00011, -0.00012, -0.00012, -0.00010, 0.00052 ]
        ]
      },
      {
        "eta": 0.6,
        "zeta": 0.2,
        "q": [1.3067, 1.3070, 1.3060, 1.3058, 1.2962],
        "sigma_q": [
          [ 0.00053, -0.00014, -0.00015, -0.00014, -0.00014 ],
          [ -0.00008, 0.00058, -0.00008, -0.00008, -0.00039 ],
          [ -0.00011, -0.00011, 0.00055, -0.00009, -0.00027 ],
          [ -0.00015, -0.00015, -0.00015, 0.00047, -0.00005 ],
          [ -0.00009, -0.00010, -0.00010, -0.00008, 0.00051 ]
        ]
      },
      {
        "eta": 0.7,
        "zeta": 0.2,
        "q": [1.3078, 1.3081, 1.3067, 1.3065, 1.2927],
        "sigma_q": [
          [ 0.00039, -0.00010, -0.00010, -0.00010, -0.00014 ],
          [ -0.00005, 0.00044, -0.00005, -0.00005, -0.00036 ],
          [ -0.00008, -0.00008, 0.00041, -0.00006, -0.00023 ],
          [ -0.00011, -0.00012, -0.00012, 0.00035, -0.00004 ],
          [ -0.00007, -0.00008, -0.00008, -0.00006, 0.00051 ]
        ]
      }
    ]
  }
}
